time,addr,bus,data
-0.03903600000004914,135307286,0,00000f00
-0.03879400000004907,135307286,0,00000f00
-0.03855200000004899,135307286,0,00000f00
-0.038310000000048916,135307286,0,00000f00
-0.03813600000004769,135307286,0,00000f00
-0.03806800000004884,135307286,0,00000f00
-0.03789400000004761,135307286,0,00000f00
-0.037652000000047536,135307286,0,00000f00
-0.03741000000004746,135307286,0,00000f00
-0.03713599999984396,135307286,0,00000f00
-0.036893999999843885,135307286,0,00000f00
-0.03665199999984381,135307286,0,00000f00
-0.036409999999843734,135307286,0,00000f00
-0.03633600000004478,135307286,0,00000f00
-0.0360940000000447,135307286,0,00000f00
-0.035852000000044626,135307286,0,00000f00
-0.03543600000004332,135307286,0,00000f00
-0.035194000000043246,135307286,0,00000f00
-0.03495200000004317,135307286,0,00000f00
-0.034710000000043095,135307286,0,00000f00
-0.03453600000004187,135307286,0,00000f00
-0.03429400000004179,135307286,0,00000f00
-0.034052000000041716,135307286,0,00000f00
-0.03381000000004164,135307286,0,00000f00
-0.03353599999983814,135307286,0,00000f00
-0.03331200000014789,135307286,0,00000f00
-0.033293999999838064,135307286,0,00000f00
-0.033070000000147814,135307286,0,00000f00
-0.03305199999983799,135307286,0,00000f00
-0.03282800000014774,135307286,0,00000f00
-0.03280999999983791,135307286,0,00000f00
-0.032586000000147664,135307286,0,00000f00
-0.03243599999988689,135307286,0,00000f00
-0.03234400000014759,135307286,0,00000f00
-0.03219399999988681,135307286,0,00000f00
-0.03210200000014751,135307286,0,00000f00
-0.03195199999988674,135307286,0,00000f00
-0.03191200000004457,135307286,0,00000f00
-0.03186000000014744,135307286,0,00000f00
-0.03170999999988666,135307286,0,00000f00
-0.031670000000044496,135307286,0,00000f00
-0.03153599999988543,135307286,0,00000f00
-0.03142800000004442,135307286,0,00000f00
-0.03129399999988536,135307286,0,00000f00
-0.031186000000044345,135307286,0,00000f00
-0.031051999999885282,135307286,0,00000f00
-0.03094400000004427,135307286,0,00000f00
-0.030809999999885207,135307286,0,00000f00
-0.030435999999934182,135307286,0,00000f00
-0.030193999999934107,135307286,0,00000f00
-0.02995199999993403,135307286,0,00000f00
-0.029709999999933956,135307286,0,00000f00
-0.029435999999730456,135307286,0,00000f00
-0.02919399999973038,135307286,0,00000f00
-0.028951999999730305,135307286,0,00000f00
-0.02870999999973023,135307286,0,00000f00
-0.028535999999729,135307286,0,00000f00
-0.028467999999730154,135307286,0,00000f00
-0.028293999999728925,135307286,0,00000f00
-0.02805199999972885,135307286,0,00000f00
-0.02753599999998002,135307286,0,00000f00
-0.027293999999979945,135307286,0,00000f00
-0.02705199999997987,135307286,0,00000f00
-0.026809999999979794,135307286,0,00000f00
-0.026635999999978566,135307286,0,00000f00
-0.02639399999997849,135307286,0,00000f00
-0.026151999999978415,135307286,0,00000f00
-0.02590999999997834,135307286,0,00000f00
-0.0239359999999742,135307286,0,00000f00
-0.023693999999974125,135307286,0,00000f00
-0.02345199999997405,135307286,0,00000f00
-0.023209999999973974,135307286,0,00000f00
-0.022967999999973898,135307286,0,00000f00
-0.022725999999973823,135307286,0,00000f00
-0.02253599999987088,135307286,0,00000f00
-0.022483999999973747,135307286,0,00000f00
-0.022293999999870806,135307286,0,00000f00
-0.02205199999987073,135307286,0,00000f00
-0.021809999999870655,135307286,0,00000f00
-0.02156799999987058,135307286,0,00000f00
-0.021325999999870504,135307286,0,00000f00
-0.02108399999987043,135307286,0,00000f00
-0.020841999999870353,135307286,0,00000f00
-0.020599999999870278,135307286,0,00000f00
-0.020357999999870202,135307286,0,00000f00
-0.014136000000160465,135307286,0,00000f00
-0.01389400000016039,135307286,0,00000f00
-0.013652000000160314,135307286,0,00000f00
-0.013410000000160238,135307286,0,00000f00
-0.013168000000160163,135307286,0,00000f00
-0.013135999999956738,135307286,0,00000f00
-0.012926000000160087,135307286,0,00000f00
-0.012921999999957023,135307286,0,00001e00
-0.012707999999957309,135307286,0,00002d00
-0.012684000000160012,135307286,0,00000f00
-0.012491999999955539,135307286,0,00003c00
-0.012269999999958259,203988992,0,232528012019
0,135307286,0,00000f00
0,135307286,0,00000f00
0.0002420000000000755,135307286,0,00000f00
0.0002420000000000755,135307286,0,00000f00
0.000484000000000151,135307286,0,00000f00
0.000484000000000151,135307286,0,00000f00
0.0007260000000002265,135307286,0,00000f00
0.0007260000000002265,135307286,0,00000f00
0.000968000000000302,135307286,0,00000f00
0.000968000000000302,135307286,0,00000f00
0.0012100000000003774,135307286,0,00000f00
0.001452000000000453,135307286,0,00000f00
0.0016940000000005284,135307286,0,00000f00
0.001936000000000604,135307286,0,00000f00
0.0021780000000006794,135307286,0,00000f00
0.0037260000002063975,135307264,0,00fe0400
0.003944000000206671,135307286,0,00004b00
0.011118000000220007,135307264,0,00fe0800
0.011340000000217287,135307286,0,00005a00
0.02621799999995389,2662406,0,800800800fc00000
0.02650799999995357,34643974,0,ff04ff0000008000
0.027597999999940726,135307264,0,00fe0c00
0.027815999999941,135307286,0,00006900
0.02802799999994221,169385984,0,00204858020000a9
0.02975199999995226,35168262,0,0000000000000000
0.0300459999999525,1089542,0,0000000000000000
0.03170000000000073,135307286,0,00007800
0.03191400000000044,135307264,0,00fe0000
0.035094000000064796,135307264,0,00fe0400
0.03531200000006507,135307286,0,00008700
0.0366120000000727,34643974,0,ff05ff0000008000
0.036900000000073874,169385990,0,0100000000000000
0.040374000000070964,35168262,0,0000000000000000
0.0406680000000712,1089542,0,0000000000000000
0.040964000000069944,2662406,0,800800800fc00000
0.04568600000023437,135307286,0,00049600
0.045898000000235584,169386006,0,00000000
0.046116000000232305,135307264,0,00fe0800
0.046368000000235554,152575744,0,0000
0.050401999999937885,35168262,0,0000000000000000
0.050695999999938124,1089542,0,0000000000000000
0.050991999999936866,2662406,0,800800800fc00000
0.051281999999936545,34643974,0,ff06ff0000008000
0.06681200000022258,34643974,0,ff08ff0000008000
0.06943200000002037,135307264,0,00fe0c00
0.06965000000002064,135307286,0,0004a500
0.07462800000001835,35168262,0,0000000000000000
0.07492200000001858,1089542,0,0000000000000000
0.07521800000002088,2662406,0,800800800fc00000
0.07550800000002056,34643974,0,ff07ff0000008000
0.0794620000000208,135307264,0,00fe0000
0.07968000000001751,135307286,0,0004b400
0.07989400000002078,170434560,0,000000a90000003e
0.08462800000001991,35168262,0,0000000000000000
0.08492200000002015,1089542,0,0000000000000000
0.08521800000001889,2662406,0,800800800fc00000
0.11296200000024115,135307264,0,00fe0400
0.11318000000024142,135307286,0,0004c300
0.1181440000002425,35168262,0,0000000000000000
0.11843800000024274,1089542,0,0000000000000000
0.11873400000024148,2662406,0,800800800fc00000
0.11902400000024116,34643974,0,ff09ff0000008000
0.12022400000005007,35168262,0,0000000000000000
0.12051800000005031,1089542,0,0000000000000000
0.12081400000004905,2662406,0,800800800fc00000
0.12110400000004873,34643974,0,ff0bff0000008000
0.12294200000023991,135307264,0,00fe0800
0.12316400000024075,135307286,0,0004d200
0.1239900000000489,3710988,0,1e543e6e00a58306
0.12504000000004822,135307264,0,00fe0000
0.1252580000000485,135307286,0,0004f000
0.12547600000004877,169385996,0,00
0.12814000000023995,35168262,0,0000000000000000
0.1284340000002402,1089542,0,0000000000000000
0.12873000000024248,2662406,0,800800800fc00000
0.12902000000024216,34643974,0,ff0aff0000008000
0.12999200000004763,203202560,0,0000002cc0000098
0.13028600000004786,1089542,0,0000000000000000
0.13058200000005016,2662406,0,800800800fc00000
0.13087200000004984,34643974,0,ff0cff0000008000
0.13115600000005045,35168262,0,0000000000000000
0.13294200000024148,135307264,0,00fe0c00
0.13316000000024175,135307286,0,0004e100
0.1335700000000699,35168262,0,0000000000000000
0.13386400000007015,1089542,0,0000000000000000
0.1339880000000484,3710988,0,1e543e9e01a58306
0.13416000000007244,2662406,0,800800800fc00000
0.13445000000007212,34643974,0,ff0dff0000008000
0.13501200000004943,135307264,0,00fe0400
0.13513600000007742,3710988,0,1e553e7e02a58306
0.1352300000000497,135307286,0,00040f00
0.13544600000004792,169385984,0,00204858020020a9
0.13616400000007545,135307264,0,00fe0800
0.13638600000007628,135307286,0,00041e00
0.1413960000000749,35168262,0,0000000000000000
0.14169000000007514,1089542,0,0000000000000000
0.14198600000007744,2662406,0,800800800fc00000
0.14227600000007712,34643974,0,ff0eff0000008000
0.14513400000007692,3710988,0,1e543e7e03a58306
0.14616000000007645,135307264,0,00fe0c00
0.14637800000007672,135307286,0,00042d00
0.15153000000015027,35168262,0,0000000000000000
0.1518240000001505,1089542,0,0000000000000000
0.15212000000014925,2662406,0,800800800fc00000
0.15241000000014893,34643974,0,ff0fff0000008000
0.1526960000001516,169385990,0,0100000000000000
0.15348000000025763,3710988,0,1e543e7e05a58306
0.1545000000002581,135307264,0,00fe0400
0.15471800000025837,135307286,0,00044b00
0.15482199999995316,35168262,0,0000000000000000
0.1551159999999534,1089542,0,0000000000000000
0.1552780000001519,3710988,0,1e543eae04a58306
0.15541199999995214,2662406,0,800800800fc00000
0.15570199999995538,34643974,0,ff00ff0000008000
0.15630800000014844,135307264,0,00fe0000
0.1565260000001487,135307286,0,00043c00
0.15674000000014843,169386006,0,00000000
0.1616380000001172,35168262,0,0000000000000000
0.16193200000011743,1089542,0,0000000000000000
0.16222800000011617,2662406,0,800800800fc00000
0.16251800000011585,34643974,0,ff01ff0000008000
0.16408799999987167,3710988,0,1e543e7e06a58306
0.16512799999987138,135307264,0,00fe0800
0.1653499999998722,135307286,0,00045a00
0.16556399999987192,170434560,0,000000a90000003e
0.17670800000013998,35168262,0,0000000000000000
0.1770020000001402,1089542,0,0000000000000000
0.17729800000013896,2662406,0,800800800fc00000
0.1775880000001422,34643974,0,ff02ff0000008000
0.18044400000013994,3710988,0,1e543e8e07a58306
0.18146800000014096,135307264,0,00fe0c00
0.18168600000014123,135307286,0,00046900
0.1828280000002529,35168262,0,0000000000000000
0.18312200000024959,1089542,0,0000000000000000
0.18341800000025188,2662406,0,800800800fc00000
0.18370800000025156,34643974,0,ff03ff0000008000
0.18784000000026424,135307264,0,00fe0000
0.1880580000002645,135307286,0,00047800
0.18889400000001189,3710988,0,1e543e8e08a58306
0.19239600000026869,3710988,0,1e543e8e09a58306
0.1930680000002667,35168262,0,0000000000000000
0.19336200000026693,1089542,0,0000000000000000
0.1934120000002686,135307264,0,00fe0400
0.19363000000026886,135307286,0,00048700
0.19365800000026567,2662406,0,800800800fc00000
0.19394800000026535,34643974,0,ff04ff0000008000
0.20144600000012858,35168262,0,0000000000000000
0.20174000000012882,1089542,0,0000000000000000
0.2020360000001311,2662406,0,800800800fc00000
0.2023260000001308,34643974,0,ff05ff0000008000
0.2023840000000341,3710988,0,1e543e9e0aa58306
0.203400000000034,135307264,0,00fe0800
0.20362200000003483,135307286,0,00049600
0.21163799999984434,35168262,0,0000000000000000
0.21193199999984458,1089542,0,0000000000000000
0.21222799999984332,2662406,0,800800800fc00000
0.212517999999843,34643974,0,ff06ff0000008000
0.21418600000025378,3710988,0,1e553e9e0ba58306
0.21519000000025557,135307264,0,00fe0c00
0.21540800000025584,135307286,0,0004a500
0.21562200000025555,169385984,0,0020c858020020a9
0.2251480000002708,35168262,0,0000000000000000
0.22544200000027104,1089542,0,0000000000000000
0.22573800000026978,2662406,0,800800800fc00000
0.22602800000026946,34643974,0,ff07ff0000008000
0.22888600000026926,3710988,0,1e543e7e0ca58306
0.22972400000027093,135307264,0,00fe0000
0.2299420000002712,135307286,0,0004b400
0.24023800000010098,169386006,0,00000000
0.24138000000014515,35168262,0,0000000000000000
0.24167400000014183,1089542,0,0000000000000000
0.24197000000014413,2662406,0,800800800fc00000
0.24213999999999558,3710988,0,1e543e8e0ea58306
0.2422600000001438,34643974,0,ff08ff0000008000
0.2429719999999982,135307264,0,00fe0800
0.24319399999999902,135307286,0,0004d200
0.2451660000001432,3710988,0,1e543e8e0da58306
0.2456159999999059,1089542,0,0000000000000000
0.24591199999990465,2662406,0,800800800fc00000
0.2459900000001447,135307264,0,00fe0400
0.24611200000000721,34643974,0,ff0aff0000008000
0.24621200000014198,135307286,0,0004c300
0.24978400000025758,35168262,0,0000000000000000
0.2513820000001452,35168262,0,0000000000000000
0.2516760000001419,1089542,0,0000000000000000
0.2519720000001442,2662406,0,800800800fc00000
0.25226200000014387,34643974,0,ff09ff0000008000
0.2525460000001445,169385990,0,0100000000000000
0.2566100000000695,3710988,0,1e543e7e0fa58306
0.2574320000000725,135307264,0,00fe0c00
0.25777400000007233,135307286,0,0004e100
0.26197200000017773,35168262,0,0000000000000000
0.26226600000017797,1089542,0,0000000000000000
0.2625620000001767,2662406,0,800800800fc00000
0.2628520000001764,34643974,0,ff0bff0000008000
0.2635279999999298,3710988,0,1e543e9e00a58306
0.2643899999999313,135307264,0,00fe0000
0.26460799999993156,135307286,0,0004f000
0.26482599999993184,170434560,0,000000a90000003e
0.26661600000009145,1089542,0,0000000000000000
0.2669120000000902,2662406,0,800800800fc00000
0.26720200000008987,34643974,0,ff0cff0000008000
0.27014600000024913,135307264,0,00fe0400
0.2703660000002479,135307286,0,00040f00
0.270736000000241,35168262,0,0000000000000000
0.2716300000001475,3710988,0,1e543e7e01a58306
0.28123200000026216,3710988,0,1e543e8e02a58306
0.28128599999990556,35168262,0,0000000000000000
0.2815799999999058,1089542,0,0000000000000000
0.28187599999990454,2662406,0,800800800fc00000
0.2821659999999042,34643974,0,ff0dff0000008000
0.29066399999987524,135307264,0,00fe0800
0.2908859999998761,135307286,0,00041e00
0.29603199999987595,35168262,0,0000000000000000
0.2963259999998762,1089542,0,0000000000000000
0.29662199999987493,2662406,0,800800800fc00000
0.29691199999987816,34643974,0,ff0eff0000008000
0.29982199999987813,3710988,0,1e543e8e03a58306
0.3006619999998783,135307264,0,00fe0c00
0.30090999999987744,152575744,0,0000
0.30108999999987773,135307286,0,00042d00
0.30481400000024905,3710988,0,1e543e8e04a58306
0.3056560000002513,135307264,0,00fe0000
0.30587400000025156,135307286,0,00043c00
0.3062819999999462,35168262,0,0000000000000000
0.30657599999994645,1089542,0,0000000000000000
0.3068719999999452,2662406,0,800800800fc00000
0.30716199999994487,34643974,0,ff0fff0000008000
0.3105820000000534,35168262,0,0000000000000000
0.31087600000005366,1089542,0,0000000000000000
0.3111720000000524,2662406,0,800800800fc00000
0.3114620000000521,34643974,0,ff00ff0000008000
0.31552200000006536,3710988,0,1e543e8e05a58306
0.3163780000000642,135307264,0,00fe0400
0.3165960000000645,135307286,0,00044b00
0.3168080000000657,169385984,0,2020c858020020a9
0.31711400000006407,203464704,0,0000001104401c4b
0.321489999999919,35168262,0,0000000000000000
0.32178399999991925,1089542,0,0000000000000000
0.32207999999992154,2662406,0,800800800fc00000
0.3223699999999212,34643974,0,ff01ff0000008000
0.3235800000000779,3710988,0,1e543e8e06a58306
0.32443800000007883,135307264,0,00fe0800
0.32466000000007966,135307286,0,00045a00
0.33187199999993666,35168262,0,0000000000000000
0.3321659999999369,1089542,0,0000000000000000
0.33246199999993564,2662406,0,800800800fc00000
0.3327519999999353,34643974,0,ff02ff0000008000
0.33551599999984916,1089542,0,0000000000000000
0.3358119999998479,2662406,0,800800800fc00000
0.33591200000020294,34643974,0,ff03ff0000008000
0.3364139999998521,169385990,0,0100000000000000
0.33751200000000026,3710988,0,1e543e8e07a58306
0.338356000000001,135307264,0,00fe0c00
0.3386679999999984,135307286,0,00046900
0.34013600000026045,169386006,0,00000000
0.342028000000159,3710988,0,1e543e8e08a58306
0.34291600000015876,135307264,0,00fe0000
0.34313400000015903,135307286,0,00047800
0.34373199999999926,35168262,0,0000000000000000
0.35600800000003474,35168262,0,0000000000000000
0.35601799999993133,2662406,0,800800800fc00000
0.3563020000000314,1089542,0,0000000000000000
0.356307999999931,34643974,0,ff05ff0000008000
0.3591560000000804,35168262,0,0000000000000000
0.35941199999993145,203202560,0,0000002cc0000098
0.35945000000008065,1089542,0,0000000000000000
0.35974600000008294,2662406,0,800800800fc00000
0.3600360000000826,34643974,0,ff04ff0000008000
0.36290200000008,3710988,0,1e543eae09a58306
0.36374200000008017,135307264,0,00fe0400
0.36396000000008044,135307286,0,00048700
0.36417200000008165,169385996,0,00
0.3665180000002515,2662406,0,800800800fc00000
0.36680800000025116,34643974,0,ff06ff0000008000
0.3681959999999478,3710988,0,1e543e6e0aa58306
0.36905799999994926,135307264,0,00fe0800
0.3692799999999501,135307286,0,00049600
0.36949199999994775,170434560,0,000000a90000003e
0.37231800000005677,3710988,0,1e543e8e0ba58306
0.37313600000005565,135307264,0,00fe0c00
0.3734700000000579,135307286,0,0004a500
0.37471799999994815,35168262,0,0000000000000000
0.3750119999999484,1089542,0,0000000000000000
0.3877320000000779,35168262,0,0000000000000000
0.38802600000007814,1089542,0,0000000000000000
0.3883220000000769,2662406,0,800800800fc00000
0.38861200000007656,34643974,0,ff07ff0000008000
0.39117000000007707,3710988,0,1e543e8e0ca58306
0.3919840000000754,135307264,0,00fe0000
0.3922040000000777,135307286,0,0004b400
0.39234800000008363,35168262,0,0000000000000000
0.39264200000008387,1089542,0,0000000000000000
0.3929380000000826,2662406,0,800800800fc00000
0.3932280000000823,34643974,0,ff08ff0000008000
0.39558199999989085,3710988,0,1e543e8e0da58306
0.39639199999989216,135307264,0,00fe0400
0.39661199999989094,135307286,0,0004c300
0.4053700000000049,35168262,0,0000000000000000
0.40566400000000513,1089542,0,0000000000000000
0.4059600000000039,2662406,0,800800800fc00000
0.40625000000000355,34643974,0,ff09ff0000008000
0.40651200000021603,34643974,0,ff0aff0000008000
0.4087920000000054,3710988,0,1e553eae0ea58306
0.40961000000000425,135307264,0,00fe0800
0.4098320000000051,135307286,0,0004d200
0.4112020000001131,35168262,0,0000000000000000
0.4114960000001133,1089542,0,0000000000000000
0.4117920000001156,2662406,0,800800800fc00000
0.41601599999987826,1089542,0,0000000000000000
0.416311999999877,2662406,0,800800800fc00000
0.41641200000023204,34643974,0,ff0bff0000008000
0.41701999999997597,3710988,0,1e543e7e0fa58306
0.4178299999999773,135307264,0,00fe0c00
0.4180779999999764,169385984,0,a220c858020020a9
0.41835799999997647,135307286,0,0004e100
0.41994000000023846,135307286,0,0004f000
0.42003400000013613,135307264,0,00fe0000
0.4203520000000296,35168262,0,0000000000000000
0.4211740000002884,3710988,0,1e553e8e00a58306
0.43641200000021385,34643974,0,ff0dff0000008000
0.4365999999998529,35168262,0,0000000000000000
0.43669800000021297,169385990,0,0100000000000000
0.4368939999998531,1089542,0,0000000000000000
0.43718999999985186,2662406,0,800800800fc00000
0.43747999999985154,34643974,0,ff0cff0000008000
0.44003600000011645,135307264,0,00fe0800
0.44004399999996835,135307286,0,00041e00
0.44019199999985403,3710988,0,1e543e7e01a58306
0.4402639999999671,169386006,0,00000000
0.44099799999985123,135307264,0,00fe0400
0.4410140000001128,35168262,0,0000000000000000
0.44113600000001796,3710988,0,1e543e9e02a58306
0.44121799999985356,135307286,0,00040f00
0.44130800000011305,1089542,0,0000000000000000
0.4416040000001118,2662406,0,800800800fc00000
0.4464079999999768,34643974,0,ff0eff0000008000
0.4507819999998759,35168262,0,0000000000000000
0.45107599999987613,1089542,0,0000000000000000
0.4513719999998749,2662406,0,7e27ec8000c00000
0.4522300000000321,3710988,0,1e543e7e03a58306
0.4530380000000349,135307264,0,00fe0c00
0.4533780000000327,135307286,0,00042d00
0.4554159999999925,1089542,0,0000000000000000
0.45591800000009286,2662406,0,7e27ec8000c00000
0.45620400000009553,34643974,0,ff0fff0000008000
0.4599600000000912,35168262,0,0000000000000000
0.4632600000000018,3710988,0,1e543e8e04a58306
0.4640839999999997,135307264,0,00fe0000
0.464302,135307286,0,00043c00
0.4645159999999997,170434560,0,000000a90000003e
0.4746460000000141,35168262,0,0000000000000000
0.47494000000001435,1089542,0,0000000000000000
0.47523600000001665,2662406,0,7e27ec8000c00000
0.47552200000001577,34643974,0,ff00ff0000008000
0.4782660000000156,3710988,0,1e543e9e05a58306
0.47908000000001394,135307264,0,00fe0400
0.4792980000000142,135307286,0,00044b00
0.4825700000001305,35168262,0,0000000000000000
0.48286400000013074,1089542,0,0000000000000000
0.4831600000001295,2662406,0,7e27ec8000c00000
0.4834460000001286,34643974,0,ff01ff0000008000
0.4865080000001427,34643974,0,ff02ff0000008000
0.488163999999891,3710988,0,1e543e7e06a58306
0.4889839999998884,135307264,0,00fe0800
0.48920599999988923,135307286,0,00045a00
0.48992400000009795,135307264,0,00fe0c00
0.490063999999947,135307286,0,00046900
0.491347999999995,3710988,0,1e543e8e07a58306
0.49456199999988826,35168262,0,0000000000000000
0.4948559999998885,1089542,0,0000000000000000
0.4951519999998908,2662406,0,7e37ec8000c00000
0.5055880000000137,35168262,0,0000000000000000
0.5058820000000139,1089542,0,0000000000000000
0.5061780000000162,2662406,0,7e37ec8000c00000
0.5064640000000153,34643974,0,ff03ff0000008000
0.5091780000000163,3710988,0,1e543e8e08a58306
0.5099840000000135,135307264,0,00fe0000
0.5102020000000138,135307286,0,00047800
0.5156800000002342,35168262,0,0000000000000000
0.51571600000009,1089542,0,0000000000000000
0.5159740000002344,1089542,0,0000000000000000
0.5160120000000887,2662406,0,7e27ec8000c00000
0.5162700000002332,2662406,0,7e27ec8000c00000
0.5165079999998881,34643974,0,ff05ff0000008000
0.5165560000002323,34643974,0,ff04ff0000008000
0.5171639999998874,3710988,0,1e543e8e09a58306
0.5179879999998853,135307264,0,00fe0400
0.5182059999998856,135307286,0,00048700
0.5184179999998868,169385984,0,a220c858020020a9
0.5199259999998418,135307264,0,00fe0800
0.5199440000001481,135307286,0,00049600
0.5202040000001915,35168262,0,0000000000000000
0.5213080000001966,3710988,0,1e543e8e0aa58306
0.5365079999998699,34643974,0,ff07ff0000008000
0.536795999999871,169385990,0,0100000000000000
0.5375859999999655,35168262,0,0000000000000000
0.5378799999999657,1089542,0,0000000000000000
0.5381759999999645,2662406,0,7e17ec8000c00000
0.5384619999999636,34643974,0,ff06ff0000008000
0.5408760000000221,35168262,0,0000000000000000
0.5411700000000224,1089542,0,0000000000000000
0.5411959999999638,3710988,0,1e543e8e0ba58306
0.5414660000000211,2662406,0,7e17ec8000c00000
0.541993999999967,135307264,0,00fe0c00
0.5423359999999668,135307286,0,0004a500
0.5427639999999769,3710988,0,1e543e8e0ca58306
0.5435699999999777,135307264,0,00fe0000
0.543787999999978,135307286,0,0004b400
0.5440019999999777,152575744,0,0000
0.544181999999978,169386006,0,00000000
0.5512180000000448,2662406,0,7e27ec7fe0000000
0.5515080000000445,34643974,0,ff08ff0000008000
0.5542380000000477,3710988,0,1e553e9e0da58306
0.5550360000000474,135307264,0,00fe0400
0.5551919999999946,35168262,0,0000000000000000
0.5552540000000477,135307286,0,0004c300
0.5554859999999948,1089542,0,0000000000000000
0.5616980000000531,35168262,0,0000000000000000
0.5619920000000533,1089542,0,0000000000000000
0.5622880000000556,2662406,0,7e27ec7fe0000000
0.5625780000000553,34643974,0,ff09ff0000008000
0.5698500000000735,3710988,0,1e543e8e0ea58306
0.5706680000000723,135307264,0,00fe0800
0.5708900000000732,135307286,0,0004d200
0.5711060000000714,170434560,0,000000a90000003e
0.572959999999977,3710988,0,1e543e8e0fa58306
0.5737619999999772,135307264,0,00fe0c00
0.574095999999976,135307286,0,0004e100
0.5762340000000705,35168262,0,0000000000000000
0.5765280000000708,1089542,0,0000000000000000
0.5768240000000731,2662406,0,7e37ed7fe0000000
0.5771120000000707,34643974,0,ff0aff0000008000
0.5860860000000443,35168262,0,0000000000000000
0.5863800000000445,1089542,0,0000000000000000
0.5864099999998516,34643974,0,ff0cff0000008000
0.5866760000000433,2662406,0,7e37ed7fe0000000
0.5869640000000445,34643974,0,ff0bff0000008000
0.589686000000043,3710988,0,1e543e8e00a58306
0.5904880000000432,135307264,0,00fe0000
0.5907060000000435,135307286,0,0004f000
0.5909820000002028,35168262,0,0000000000000000
0.5912760000002031,1089542,0,0000000000000000
0.5913639999999063,3710988,0,1e553e9e01a58306
0.5915720000002018,2662406,0,7e37ed7fe0000000
0.5948139999999142,135307264,0,00fe0400
0.595033999999913,135307286,0,00040f00
0.6064239999999756,35168262,0,0000000000000000
0.6065100000000356,34643974,0,ff0eff0000008000
0.6067179999999759,1089542,0,0000000000000000
0.6070139999999746,2662406,0,7e37ed7fe0000000
0.6073019999999758,34643974,0,ff0dff0000008000
0.6100079999999757,3710988,0,1e543e7e02a58306
0.610241999999932,203202560,0,0000012cc0000098
0.6108279999999766,135307264,0,00fe0800
0.610869999999931,35168262,0,0000000000000000
0.6110499999999739,135307286,0,00041e00
0.6111639999999312,1089542,0,0000000000000000
0.6112699999999762,169385996,0,00
0.6114599999999335,2662406,0,7e37ec7fe0000000
0.6166340000001469,3710988,0,1e543e7e03a58306
0.6174260000001475,135307264,0,00fe0c00
0.6176740000001466,169385984,0,a220c858020020a9
0.6179540000001467,135307286,0,00042d00
0.6217280000001537,35168262,0,0000000000000000
0.622022000000154,1089542,0,0000000000000000
0.6223180000001527,2662406,0,7e37ec7fe0000000
0.6226060000001539,34643974,0,ff0fff0000008000
0.6232179999998557,3710988,0,1e543e8e04a58306
0.6240119999998548,135307264,0,00fe0000
0.6242299999998551,135307286,0,00043c00
0.6362100000000837,34643974,0,ff01ff0000008000
0.6364960000000828,169385990,0,0100000000000000
0.6377820000002785,35168262,0,0000000000000000
0.6380760000002788,1089542,0,0000000000000000
0.6383720000002775,2662406,0,7e37eb7fe0000000
0.6386600000002787,34643974,0,ff00ff0000008000
0.6408980000001812,35168262,0,0000000000000000
0.6409719999998842,3710988,0,1e543e9e06a58306
0.6411920000001814,1089542,0,0000000000000000
0.6414080000002791,3710988,0,1e543e8e05a58306
0.6414880000001837,2662406,0,7e37eb7fe0000000
0.6422000000002797,135307264,0,00fe0400
0.6424180000002799,135307286,0,00044b00
0.6611179999998704,135307264,0,00fe0800
0.6613399999998677,135307286,0,00045a00
0.661553999999871,169386006,0,00000000
0.6667859999998704,35168262,0,0000000000000000
0.6670799999998707,1089542,0,0000000000000000
0.6673759999998694,2662406,0,7e27eb7fe0000000
0.6676639999998706,34643974,0,ff02ff0000008000
0.6703219999998709,3710988,0,1e543e7e07a58306
0.6711399999998697,135307264,0,00fe0c00
0.6714499999998687,135307286,0,00046900
0.6728299999998804,35168262,0,0000000000000000
0.6731239999998806,1089542,0,0000000000000000
0.6734199999998793,2662406,0,7e27eb7fe0000000
0.6737079999998805,34643974,0,ff03ff0000008000
0.6763919999998826,3710988,0,1e543e8e08a58306
0.6772279999998823,135307264,0,00fe0000
0.6774459999998825,135307286,0,00047800
0.6776599999998822,170434560,0,000000a90000003e
0.6858440000002055,35168262,0,0000000000000000
0.6861380000002057,1089542,0,0000000000000000
0.6864340000002045,2662406,0,7e27ec7fe0000000
0.6867240000002042,34643974,0,ff04ff0000008000
0.6894540000002038,3710988,0,1e543e8e09a58306
0.6916620000002744,135307286,0,0004a500
0.6951080000002214,35168262,0,0000000000000000
0.6954020000002217,1089542,0,0000000000000000
0.6956980000002204,2662406,0,7e17ec7fd0000000
0.695982000000221,34643974,0,ff06ff0000008000
0.6987140000002192,3710988,0,1e543e9e0ba58306
0.6994980000002187,135307264,0,00fe0c00
0.7024919999999284,35168262,0,0000000000000000
0.7027859999999286,1089542,0,0000000000000000
0.7030819999999274,2662406,0,7e17ec7fd0000000
0.703365999999928,34643974,0,ff07ff0000008000
0.705753999999839,3710988,0,1e553e8e0ca58306
0.706539999999837,135307264,0,00fe0000
0.7067579999998372,135307286,0,0004b400
0.7074840000000151,135307264,0,00fe0400
0.7077020000000154,135307286,0,00048700
0.7130840000000163,35168262,0,0000000000000000
0.7133780000000165,1089542,0,0000000000000000
0.7136740000000152,2662406,0,7e27ec7fe0000000
0.7139640000000149,34643974,0,ff05ff0000008000
0.7155959999998487,35168262,0,0000000000000000
0.7158899999998489,1089542,0,0000000000000000
0.7161859999998477,2662406,0,7e07ec7fd0000000
0.7164719999998503,34643974,0,ff08ff0000008000
0.7166920000000161,3710988,0,1e543e8e0aa58306
0.717478000000014,135307264,0,00fe0800
0.7177000000000149,135307286,0,00049600
0.7256660000000714,3710988,0,1e543e7e0da58306
0.7264500000000709,135307264,0,00fe0400
0.7266680000000711,135307286,0,0004c300
0.7268800000000724,169385984,0,a220c858020020a9
0.7446040000000487,35168262,0,0000000000000000
0.7448980000000489,1089542,0,0000000000000000
0.7451940000000477,2662406,0,7e07ec7fd0000000
0.7454800000000468,34643974,0,ff09ff0000008000
0.7481080000000482,3710988,0,1e543e9e0ea58306
0.7488940000000461,135307264,0,00fe0800
0.749116000000047,135307286,0,0004d200
0.7514599999999589,35168262,0,0000000000000000
0.7517539999999556,1089542,0,0000000000000000
0.7520499999999579,2662406,0,7e17ec7fe0000000
0.7523399999999576,34643974,0,ff0aff0000008000
0.7524939999998601,35168262,0,0000000000000000
0.7527879999998568,1089542,0,0000000000000000
0.7530839999998591,2662406,0,7e27eb7fe0000000
0.7531420000002171,3710988,0,1e543e7e01a58306
0.7533719999998567,34643974,0,ff0cff0000008000
0.7539420000002188,135307264,0,00fe0400
0.7541600000002155,135307286,0,00040f00
0.7550139999999566,3710988,0,1e543e7e0fa58306
0.7558039999999586,135307264,0,00fe0c00
0.7561339999999568,135307286,0,0004e100
0.7564179999999219,2662406,0,7e27eb7fe0000000
0.756705999999923,34643974,0,ff0dff0000008000
0.7607939999998727,35168262,0,0000000000000000
0.761087999999873,1089542,0,0000000000000000
0.7614259999999575,35168262,0,0000000000000000
0.7617199999999578,1089542,0,0000000000000000
0.7620159999999565,2662406,0,7e17ec7fe0000000
0.7623059999999562,34643974,0,ff0bff0000008000
0.7625979999999579,169385990,0,0100000000000000
0.7650119999999561,3710988,0,1e543e9e00a58306
0.7657540000002392,3710988,0,1e543e8e02a58306
0.7658059999999587,135307264,0,00fe0000
0.766023999999959,135307286,0,0004f000
0.7662419999999557,169386006,0,00000000
0.7666240000002382,135307264,0,00fe0800
0.7668460000002391,135307286,0,00041e00
0.7670660000002378,170434560,0,000000a90000003e
0.7774820000001519,35168262,0,0000000000000000
0.7777760000001521,1089542,0,0000000000000000
0.7780720000001509,2662406,0,7e27eb7fe0000000
0.778360000000152,34643974,0,ff0eff0000008000
0.781110000000151,3710988,0,1e543e8e03a58306
0.7819120000001512,135307264,0,00fe0c00
0.7822260000001506,135307286,0,00042d00
0.7859180000000201,2662406,0,7e27ec7fe0000000
0.7864120000001229,34643974,0,ff00ff0000008000
0.7873880000002167,35168262,0,0000000000000000
0.7876820000002169,1089542,0,0000000000000000
0.7879780000002192,2662406,0,7e27eb7fe0000000
0.7882660000002168,34643974,0,ff0fff0000008000
0.7905179999999206,35168262,0,0000000000000000
0.7908119999999208,1089542,0,0000000000000000
0.7910040000002176,3710988,0,1e543e8e04a58306
0.791820000000218,135307264,0,00fe0000
0.7920380000002183,135307286,0,00043c00
0.7929120000002321,3710988,0,1e543e8e05a58306
0.7937280000002325,135307264,0,00fe0400
0.7939460000002292,135307286,0,00044b00
0.7941580000002304,152575744,0,0000
0.7995160000002457,1089542,0,0000000000000000
0.7997460000001944,203988992,0,232528012019
0.7998120000002444,2662406,0,7e27ec7fe0000000
0.7999439999998934,135307286,0,00045a00
0.8001020000002441,34643974,0,ff01ff0000008000
0.8027460000002442,3710988,0,1e543e9e06a58306
0.8035620000002446,135307264,0,00fe0800
0.8037520000001948,35168262,0,0000000000000000
0.8114680000001044,35168262,0,0000000000000000
0.8117620000001047,1089542,0,0000000000000000
0.8120580000001034,2662406,0,7e37ed7fd0000000
0.8123440000001061,34643974,0,ff02ff0000008000
0.8156160000000696,1089542,0,0000000000000000
0.8159120000000684,2662406,0,7e37ed7fd0000000
0.8160079999999681,34643974,0,ff03ff0000008000
0.8170599999998664,3710988,0,1e543e9e07a58306
0.8178679999998657,135307264,0,00fe0c00
0.8181159999998648,169385984,0,a220c858020020a9
0.8183959999998649,135307286,0,00046900
0.8200100000001704,35168262,0,0000000000000000
0.8221220000001779,3710988,0,1e553e8e08a58306
0.8229060000001773,135307264,0,00fe0000
0.8231240000001776,135307286,0,00047800
0.832518000000146,2662406,0,7e27ed7fd0000000
0.8326080000000395,35168262,0,0000000000000000
0.8328040000001486,34643974,0,ff04ff0000008000
0.8329020000000398,1089542,0,0000000000000000
0.8357579999999452,3710988,0,1e543e7e09a58306
0.8363180000001016,2662406,0,7e27ed7fd0000000
0.8365499999999457,135307264,0,00fe0400
0.8366040000001043,34643974,0,ff05ff0000008000
0.836767999999946,135307286,0,00048700
0.8368100000002059,169385990,0,0100000000000000
0.8406980000000495,35168262,0,0000000000000000
0.8409920000000497,1089542,0,0000000000000000
0.842869999999909,3710988,0,1e553e8e0aa58306
0.8436499999999079,135307264,0,00fe0800
0.8438719999999087,135307286,0,00049600
0.8440839999999064,169386006,0,00000000
0.8498960000002249,135307264,0,00fe0c00
0.8499559999998709,135307286,0,0004a500
0.8501699999998706,169385996,0,00
0.8538140000001242,35168262,0,0000000000000000
0.8541080000001244,1089542,0,0000000000000000
0.8544040000001232,2662406,0,7e27ec7fd0000000
0.8546880000001238,34643974,0,ff06ff0000008000
0.8565180000000332,2662406,0,7e27ec7fd0000000
0.8568020000000338,34643974,0,ff07ff0000008000
0.8574080000001238,3710988,0,1e543e8e0ba58306
0.859886000000234,203202560,0,0000012cc0000098
0.8605420000002368,35168262,0,0000000000000000
0.8608360000002335,1089542,0,0000000000000000
0.8668040000000978,3710988,0,1e543e8e0ca58306
0.8675960000000984,135307264,0,00fe0000
0.8678140000000987,135307286,0,0004b400
0.8680280000000984,170434560,0,000000a90000003e
0.8726239999999521,35168262,0,0000000000000000
0.8729179999999523,1089542,0,0000000000000000
0.8732139999999511,2662406,0,7e37ec7fd0000000
0.8732219999998563,3710988,0,1e543e8e0da58306
0.8734979999999517,34643974,0,ff08ff0000008000
0.8739959999998561,135307264,0,00fe0400
0.8742139999998564,135307286,0,0004c300
0.8863180000002835,2662406,0,7e37ec7fe0000000
0.8863319999999746,35168262,0,0000000000000000
0.8866060000002847,34643974,0,ff0aff0000008000
0.8866259999999748,1089542,0,0000000000000000
0.8869219999999736,2662406,0,7e37ec7fd0000000
0.8872059999999742,34643974,0,ff09ff0000008000
0.8899299999999748,3710988,0,1e543e8e0ea58306
0.8906999999999741,135307264,0,00fe0800
0.8908259999999792,35168262,0,0000000000000000
0.8909219999999749,135307286,0,0004d200
0.8911199999999795,1089542,0,0000000000000000
0.8931480000000889,3710988,0,1e543e8e0fa58306
0.8939140000000911,135307264,0,00fe0c00
0.8942520000000904,135307286,0,0004e100
0.8998400000000544,135307286,0,0004f000
0.899889999999953,135307264,0,00fe0000
0.9038000000001034,35168262,0,0000000000000000
0.9040940000001036,1089542,0,0000000000000000
0.9043900000001024,2662406,0,7e37ec7fe0000000
0.9046780000001036,34643974,0,ff0bff0000008000
0.906218000000063,2662406,0,7e27ed7fe0000000
0.9065060000000642,34643974,0,ff0cff0000008000
0.9074160000001044,3710988,0,1e543e8e00a58306
0.9108659999999631,35168262,0,0000000000000000
0.9111599999999633,1089542,0,0000000000000000
0.9157160000001809,1089542,0,0000000000000000
0.9160120000001797,2662406,0,7e27ed7fe0000000
0.9163100000000313,34643974,0,ff0dff0000008000
0.9176140000000785,3710988,0,1e543e8e01a58306
0.9183800000000772,135307264,0,00fe0400
0.9185980000000775,135307286,0,00040f00
0.9188140000000793,169385984,0,a220c858020020a9
0.9221060000000847,3710988,0,1e543e7e02a58306
0.9228760000000875,135307264,0,00fe0800
0.9230980000000848,135307286,0,00041e00
0.9240520000000778,35168262,0,0000000000000000
0.9348259999998554,3710988,0,1e543e8e03a58306
0.9355899999998556,135307264,0,00fe0c00
0.9359259999998528,135307286,0,00042d00
0.936848000000257,35168262,0,0000000000000000
0.9371420000002573,1089542,0,0000000000000000
0.937438000000256,2662406,0,7e17ed7fe0000000
0.9377260000002572,34643974,0,ff0eff0000008000
0.9417219999999098,35168262,0,0000000000000000
0.94201599999991,1089542,0,0000000000000000
0.9423119999999123,2662406,0,7e17ed7fe0000000
0.94259999999991,34643974,0,ff0fff0000008000
0.9427580000000688,3710988,0,1e543e8e04a58306
0.9428859999999126,169385990,0,0100000000000000
0.9435360000000692,135307264,0,00fe0000
0.9437540000000695,135307286,0,00043c00
0.9439680000000692,169386006,0,00000000
0.9498400000002363,135307286,0,00044b00
0.9498880000001328,135307264,0,00fe0400
0.9537840000000308,35168262,0,0000000000000000
0.9540780000000311,1089542,0,0000000000000000
0.9543740000000334,2662406,0,7e27ec7fd0000000
0.954658000000034,34643974,0,ff00ff0000008000
0.9562180000002449,2662406,0,7e27ec7fd0000000
0.9565020000002455,34643974,0,ff01ff0000008000
0.9574100000000314,3710988,0,1e543e8e05a58306
0.9606959999999418,35168262,0,0000000000000000
0.9609899999999421,1089542,0,0000000000000000
0.9657159999999081,1089542,0,0000000000000000
0.9660119999999068,2662406,0,7e27ec7fe0000000
0.9662120000000094,34643974,0,ff02ff0000008000
0.9675900000000581,3710988,0,1e543e8e06a58306
0.9683720000000591,135307264,0,00fe0800
0.9685940000000599,135307286,0,00045a00
0.9688080000000596,170434560,0,000000a91cada03e
0.9699520000002195,135307286,0,00046900
0.9719060000001143,3710988,0,1e543e8e07a58306
0.9726700000001145,135307264,0,00fe0c00
0.9739260000000591,35168262,0,0000000000000000
0.9861180000002427,2662406,0,7e37ec7fe0000000
0.9864060000002439,34643974,0,ff04ff0000008000
0.9868599999999326,35168262,0,0000000000000000
0.9871539999999328,1089542,0,0000000000000000
0.9874499999999351,2662406,0,7e27ec7fe0000000
0.9877399999999348,34643974,0,ff03ff0000008000
0.9902920000001423,35168262,0,0000000000000000
0.9905259999999352,3710988,0,1e543e8e08a58306
0.9905860000001425,1089542,0,0000000000000000
0.9913099999999346,205299712,0,1d65
0.9914979999999325,135307286,0,00047800
0.9917119999999358,135307264,0,00fe0000
0.9919619999999334,203726848,0,a334004001501302
0.9930380000002508,3710988,0,1e543e8e09a58306
0.9938240000002523,135307264,0,00fe0400
0.9940420000002526,135307286,0,00048700
1.0061900000001174,35168262,0,0000000000000000
1.0064840000001176,1089542,0,0000000000000000
1.0067800000001164,2662406,0,7e37ec7fe0000000
1.0070680000001175,34643974,0,ff05ff0000008000
1.0098180000001165,3710988,0,1e543e8e0aa58306
1.0105760000001176,135307264,0,00fe0800
1.0107980000001184,135307286,0,00049600
1.0118060000000746,35168262,0,0000000000000000
1.0121000000000748,1089542,0,0000000000000000
1.0123960000000736,2662406,0,7e37ec7fe0000000
1.0126840000000747,34643974,0,ff06ff0000008000
1.0185799999999894,3710988,0,1e543e8e0ba58306
1.0193619999999903,135307264,0,00fe0c00
1.0196099999999895,169385984,0,a220c858020020a9
1.0198899999999895,135307286,0,0004a500
1.0199400000001475,135307286,0,0004b400
1.0218459999998437,3710988,0,1e543e8e0ca58306
1.0226079999998419,135307264,0,00fe0000
1.0249759999999881,35168262,0,0000000000000000
1.0252699999999884,1089542,0,0000000000000000
1.0255659999999907,2662406,0,7e37ec7fe0000000
1.0258539999999883,34643974,0,ff07ff0000008000
1.0366000000002167,35168262,0,0000000000000000
1.036894000000217,1089542,0,0000000000000000
1.0371900000002157,2662406,0,7e27ec7fe0000000
1.0374800000002153,34643974,0,ff08ff0000008000
1.040242000000216,3710988,0,1e543e8e0da58306
1.040998000000215,135307264,0,00fe0400
1.0412160000002153,135307286,0,0004c300
1.0416820000000726,35168262,0,0000000000000000
1.0419760000000728,1089542,0,0000000000000000
1.0422720000000716,2662406,0,7e27ec7fe0000000
1.0425620000000713,34643974,0,ff09ff0000008000
1.0428239999999782,3710988,0,1e543e8e0ea58306
1.0428460000000719,169385990,0,0100000000000000
1.04358599999998,135307264,0,00fe0800
1.0438079999999772,135307286,0,0004d200
1.044023999999979,152575744,0,0000
1.0442039999999793,169386006,0,00000000
1.0557160000000536,1089542,0,0000000000000000
1.0560120000000524,2662406,0,7e27ec7fe0000000
1.0561119999999526,34643974,0,ff0bff0000008000
1.0563940000001466,35168262,0,0000000000000000
1.0566880000001468,1089542,0,0000000000000000
1.0569840000001491,2662406,0,7e27ec7fe0000000
1.0572740000001488,34643974,0,ff0aff0000008000
1.0600420000001485,3710988,0,1e543e8e0fa58306
1.060153999999951,35168262,0,0000000000000000
1.060794000000147,135307264,0,00fe0c00
1.0611300000001478,135307286,0,0004e100
1.084320000000094,3710988,0,1e543e9e00a58306
1.085094000000094,135307264,0,00fe0000
1.0853120000000942,135307286,0,0004f000
1.0855300000000945,170434560,0,000000a91cada03e
1.0871099999999032,34643974,0,ff0eff0000008000
1.0906600000000957,35168262,0,0000000000000000
1.090954000000096,1089542,0,0000000000000000
1.0909920000002025,35168262,0,0000000000000000
1.0912500000000946,2662406,0,7e37ec7fe0000000
1.0912860000002027,1089542,0,0000000000000000
1.0915380000000958,34643974,0,ff0cff0000008000
1.091582000000205,2662406,0,7e37ec7fe0000000
1.0936020000002635,3710988,0,1e543e7e03a58306
1.0943200000000957,3710988,0,1e543e7e01a58306
1.0943520000002636,135307264,0,00fe0c00
1.0946840000002638,135307286,0,00042d00
1.0950800000000953,135307264,0,00fe0400
1.0952980000000956,135307286,0,00040f00
1.1006560000000967,35168262,0,0000000000000000
1.100950000000097,1089542,0,0000000000000000
1.1012460000000956,2662406,0,7e37ec7fe0000000
1.1013820000000685,35168262,0,0000000000000000
1.1015340000000968,34643974,0,ff0dff0000008000
1.1016760000000687,1089542,0,0000000000000000
1.1043200000000972,3710988,0,1e543e9e02a58306
1.1050700000000973,135307264,0,00fe0800
1.1052920000000945,135307286,0,00041e00
1.105418000000082,2662406,0,7e37ec7fe0000000
1.1057060000000831,34643974,0,ff0fff0000008000
1.1115000000000883,3710988,0,1e543e8e04a58306
1.1122760000000902,135307264,0,00fe0000
1.1124940000000905,135307286,0,00043c00
1.1127080000000902,169385996,0,00
1.1145319999999934,3710988,0,1e543e8e05a58306
1.1152799999999914,135307264,0,00fe0400
1.1154979999999917,135307286,0,00044b00
1.1157099999999929,169385984,0,a220c858024720a9
1.1172380000000892,203202560,0,0000012cc0000098
1.1179100000000908,35168262,0,0000000000000000
1.1182040000000875,1089542,0,0000000000000000
1.1185000000000898,2662406,0,7e17ec7fe0000000
1.1187900000000894,34643974,0,ff00ff0000008000
1.135174000000223,35168262,0,0000000000000000
1.1354680000002233,1089542,0,0000000000000000
1.1357640000002256,2662406,0,7e17ec7fe0000000
1.1360540000002253,34643974,0,ff01ff0000008000
1.138744000000223,3710988,0,1e543e8e06a58306
1.1395040000002261,135307264,0,00fe0800
1.1397260000002234,135307286,0,00045a00
1.143873999999883,35168262,0,0000000000000000
1.1441679999998833,1089542,0,0000000000000000
1.1444639999998856,2662406,0,7e17ec7fd0000000
1.1447479999998862,34643974,0,ff02ff0000008000
1.1452640000001892,35168262,0,0000000000000000
1.1455580000001895,1089542,0,0000000000000000
1.1458540000001918,2662406,0,7e17ec7fd0000000
1.1461380000001888,34643974,0,ff03ff0000008000
1.1464300000001906,169385990,0,0100000000000000
1.1475379999998836,3710988,0,1e543e8e07a58306
1.1482879999998836,135307264,0,00fe0c00
1.1486199999998838,135307286,0,00046900
1.1489400000001915,3710988,0,1e543e8e08a58306
1.1496940000001885,135307264,0,00fe0000
1.1499120000001888,135307286,0,00047800
1.1501260000001885,169386006,0,00000000
1.162978000000269,35168262,0,0000000000000000
1.1632720000002692,1089542,0,0000000000000000
1.163568000000268,2662406,0,7e17ed7fd0000000
1.1638520000002686,34643974,0,ff04ff0000008000
1.1666360000002705,3710988,0,1e553e9e09a58306
1.1673800000002679,135307264,0,00fe0400
1.1675980000002681,135307286,0,00048700
1.1683119999999292,3710988,0,1e553e8e0aa58306
1.1729700000002694,35168262,0,0000000000000000
1.1732640000002696,1089542,0,0000000000000000
1.1735600000002684,2662406,0,7e17ed7fd0000000
1.173844000000269,34643974,0,ff05ff0000008000
1.175188000000194,135307264,0,00fe0800
1.1754100000001948,135307286,0,00049600
1.175622000000196,170434560,0,000000a91cada03e
1.1807620000001968,35168262,0,0000000000000000
1.1810560000001935,1089542,0,0000000000000000
1.1813520000001958,2662406,0,7e17ec7fe0000000
1.1816420000001955,34643974,0,ff06ff0000008000
1.1839020000001064,3710988,0,1e553e9e0ba58306
1.1846500000001043,135307264,0,00fe0c00
1.184978000000104,135307286,0,0004a500
1.187110000000267,34643974,0,ff08ff0000008000
1.1873739999999096,3710988,0,1e543e7e0ca58306
1.1881159999999085,135307264,0,00fe0000
1.1883339999999087,135307286,0,0004b400
1.1902700000001047,35168262,0,0000000000000000
1.190564000000105,1089542,0,0000000000000000
1.1908600000001037,2662406,0,7e17ec7fe0000000
1.1911500000001034,34643974,0,ff07ff0000008000
1.1912340000000619,35168262,0,0000000000000000
1.191528000000062,1089542,0,0000000000000000
1.1918240000000608,2662406,0,7e17ed7fe0000000
1.1933720000002204,3710988,0,1e553eae0da58306
1.1941240000002225,135307264,0,00fe0400
1.1943420000002227,135307286,0,0004c300
1.212194000000249,35168262,0,0000000000000000
1.2124880000002491,1089542,0,0000000000000000
1.2127840000002479,2662406,0,7e17ed7fe0000000
1.213072000000249,34643974,0,ff09ff0000008000
1.2158500000002483,3710988,0,1e543e7e0ea58306
1.2166000000002484,135307264,0,00fe0800
1.2168220000002492,135307286,0,0004d200
1.2221740000002477,35168262,0,0000000000000000
1.222468000000248,1089542,0,0000000000000000
1.2227640000002467,2662406,0,7e27ee7fe0000000
1.2230540000002463,34643974,0,ff0aff0000008000
1.2268180000000228,3710988,0,1e543e6e0fa58306
1.2275980000000217,135307264,0,00fe0c00
1.2278760000000233,169385984,0,a220c858024720a9
1.2281500000000243,135307286,0,0004e100
1.2331780000000236,35168262,0,0000000000000000
1.2334720000000239,1089542,0,0000000000000000
1.2337680000000226,2662406,0,7e27ee7fe0000000
1.2340580000000223,34643974,0,ff0bff0000008000
1.236544000000034,35168262,0,0000000000000000
1.2368180000000244,3710988,0,1e543e9e00a58306
1.2368380000000343,1089542,0,0000000000000000
1.237134000000033,2662406,0,7e07ee7fe0000000
1.2376000000000218,135307264,0,00fe0000
1.237818000000022,135307286,0,0004f000
1.240112000000149,34643974,0,ff0cff0000008000
1.2429100000001512,3710988,0,1e543e8e01a58306
1.2436700000001508,135307264,0,00fe0400
1.243888000000151,135307286,0,00040f00
1.2465740000002512,35168262,0,0000000000000000
1.2468680000002514,1089542,0,0000000000000000
1.2471640000002537,2662406,0,7e07ee7fe0000000
1.2474540000002534,34643974,0,ff0dff0000008000
1.2477400000002525,169385990,0,0100000000000000
1.2502420000002523,3710988,0,1e543e8e02a58306
1.2510200000002527,135307264,0,00fe0800
1.2512420000002535,135307286,0,00041e00
1.2514620000002523,169386006,0,00000000
1.2624880000000758,35168262,0,0000000000000000
1.262782000000076,1089542,0,0000000000000000
1.2630780000000783,2662406,0,7e07ec7fe0000000
1.2633700000000765,34643974,0,ff0eff0000008000
1.2661020000000782,3710988,0,1e543e7e03a58306
1.2668600000000758,135307264,0,00fe0c00
1.2671700000000783,135307286,0,00042d00
1.2724620000000755,35168262,0,0000000000000000
1.2727560000000757,1089542,0,0000000000000000
1.273052000000078,2662406,0,7e07ec7fe0000000
1.2733440000000762,34643974,0,ff0fff0000008000
1.2884800000002237,3710988,0,1e543e8e04a58306
1.2893060000002237,135307264,0,00fe0000
1.289524000000224,135307286,0,00043c00
1.2897380000002236,170434560,0,000000a91cada03e
1.2904760000001296,135307264,0,00fe0c00
1.2907240000001288,152575744,0,0000
1.2910020000000806,135307286,0,00046900
1.2916360000001283,3710988,0,1e543e7e07a58306
1.2929679999999735,35168262,0,0000000000000000
1.2932619999999737,1089542,0,0000000000000000
1.2935579999999725,2662406,0,7e27ec7fe0000000
1.2938479999999757,34643974,0,ff02ff0000008000
1.294804000000223,35168262,0,0000000000000000
1.2950980000002232,1089542,0,0000000000000000
1.295394000000222,2662406,0,7e17ec7fe0000000
1.2956840000002252,34643974,0,ff00ff0000008000
1.2984780000002232,3710988,0,1e553e9e05a58306
1.2992420000002234,135307264,0,00fe0400
1.2994600000002237,135307286,0,00044b00
1.3022500000000896,35168262,0,0000000000000000
1.3025440000000899,1089542,0,0000000000000000
1.3028400000000921,2662406,0,7e27ec7fe0000000
1.3031300000000918,34643974,0,ff03ff0000008000
1.3047880000002223,35168262,0,0000000000000000
1.3050820000002226,1089542,0,0000000000000000
1.3053780000002249,2662406,0,7e17ec7fe0000000
1.3056680000002245,34643974,0,ff01ff0000008000
1.3084780000002247,3710988,0,1e543e8e06a58306
1.309216000000223,135307264,0,00fe0800
1.309438000000224,135307286,0,00045a00
1.3156300000000165,3710988,0,1e543e8e08a58306
1.316374000000014,135307264,0,00fe0000
1.3165920000000142,135307286,0,00047800
1.321936000000015,35168262,0,0000000000000000
1.3222300000000153,1089542,0,0000000000000000
1.322526000000014,2662406,0,7e37ec7fe0000000
1.3228140000000153,34643974,0,ff04ff0000008000
1.3256300000000145,3710988,0,1e543e8e09a58306
1.3263620000000138,135307264,0,00fe0400
1.326580000000014,135307286,0,00048700
1.3267920000000153,169385984,0,a220c858024720a9
1.3288600000000308,35168262,0,0000000000000000
1.329154000000031,1089542,0,0000000000000000
1.3294500000000333,2662406,0,7e37ec7fe0000000
1.329738000000031,34643974,0,ff05ff0000008000
1.332460000000033,3710988,0,1e543e8e0aa58306
1.3331980000000314,135307264,0,00fe0800
1.3334200000000322,135307286,0,00049600
1.3414360000001615,169386006,0,00000000
1.345103999999857,35168262,0,0000000000000000
1.3453979999998573,1089542,0,0000000000000000
1.345693999999856,2662406,0,7e27ec7fe0000000
1.3459839999998557,34643974,0,ff06ff0000008000
1.348761999999855,3710988,0,1e543e8e0ba58306
1.3494899999998573,135307264,0,00fe0c00
1.3498219999998575,135307286,0,0004a500
1.3550819999998573,35168262,0,0000000000000000
1.3553759999998576,1089542,0,0000000000000000
1.3556719999998563,2662406,0,7e27ec7fe0000000
1.355961999999856,34643974,0,ff07ff0000008000
1.3562499999998572,169385990,0,0100000000000000
1.3579879999999775,35168262,0,0000000000000000
1.3582819999999778,1089542,0,0000000000000000
1.35857799999998,2662406,0,7e17ec7fe0000000
1.3587599999998545,3710988,0,1e553e9e0ca58306
1.3588679999999798,34643974,0,ff08ff0000008000
1.3594979999998564,135307264,0,00fe0000
1.3597159999998567,135307286,0,0004b400
1.3611060000001878,203202560,0,0000012cc0000098
1.361651999999978,3710988,0,1e543e7e0da58306
1.3616860000001871,35168262,0,0000000000000000
1.3619800000001874,1089542,0,0000000000000000
1.3622760000001861,2662406,0,7e17ec7fe0000000
1.3623819999999789,135307264,0,00fe0400
1.3625660000001858,34643974,0,ff09ff0000008000
1.3625999999999792,135307286,0,0004c300
1.3628119999999768,169385996,0,00
1.3914160000000884,3710988,0,1e553e9e0ea58306
1.3921640000000863,135307264,0,00fe0800
1.3923860000000872,135307286,0,0004d200
1.3926020000000854,170434560,0,000000a91cada03e
1.3933880000000407,3710988,0,1e543e8e01a58306
1.3941120000000389,135307264,0,00fe0400
1.3943300000000391,135307286,0,00040f00
1.3963160000000485,1089542,0,0000000000000000
1.3966120000000473,2662406,0,7e17ed7fe0000000
1.3969000000000484,34643974,0,ff0dff0000008000
1.3977040000000862,35168262,0,0000000000000000
1.3979980000000864,1089542,0,0000000000000000
1.3982940000000852,2662406,0,7e17ec7fe0000000
1.3985840000000884,34643974,0,ff0aff0000008000
1.400536000000045,35168262,0,0000000000000000
1.4009459999999052,135307264,0,00fe0800
1.4011679999999025,135307286,0,00041e00
1.4014160000000864,3710988,0,1e543e7e0fa58306
1.4020859999999011,3710988,0,1e553e8e02a58306
1.4021480000000857,135307264,0,00fe0c00
1.4024720000000883,135307286,0,0004e100
1.4077260000000855,35168262,0,0000000000000000
1.4080200000000858,1089542,0,0000000000000000
1.408316000000088,2662406,0,7e17ec7fe0000000
1.4086060000000877,34643974,0,ff0bff0000008000
1.411416000000088,3710988,0,1e553e9e00a58306
1.412069999999865,35168262,0,0000000000000000
1.4121440000000867,135307264,0,00fe0000
1.412362000000087,135307286,0,0004f000
1.4123639999998652,1089542,0,0000000000000000
1.412659999999864,2662406,0,7e17ec7fe0000000
1.4129499999998636,34643974,0,ff0eff0000008000
1.4138479999999198,3710988,0,1e543e8e03a58306
1.4145719999999216,135307264,0,00fe0c00
1.4148199999999207,169385984,0,a220c858024720a9
1.4150939999999217,135307286,0,00042d00
1.4177720000000882,35168262,0,0000000000000000
1.4180660000000884,1089542,0,0000000000000000
1.4183620000000872,2662406,0,7e17ed7fe0000000
1.4186500000000883,34643974,0,ff0cff0000008000
1.4288240000001444,35168262,0,0000000000000000
1.4291180000001447,1089542,0,0000000000000000
1.4294140000001434,2662406,0,7e17ec7fe0000000
1.429704000000143,34643974,0,ff0fff0000008000
1.4324760000001433,3710988,0,1e553e8e04a58306
1.4332020000001435,135307264,0,00fe0000
1.4334200000001438,135307286,0,00043c00
1.441036000000171,169386006,0,00000000
1.4449820000000173,35168262,0,0000000000000000
1.4452760000000175,1089542,0,0000000000000000
1.4455720000000163,2662406,0,7e07ec7fe0000000
1.445864000000018,34643974,0,ff00ff0000008000
1.4486780000000188,3710988,0,1e543e7e05a58306
1.4493980000000164,135307264,0,00fe0400
1.4496160000000167,135307286,0,00044b00
1.4549660000000166,35168262,0,0000000000000000
1.4552600000000169,1089542,0,0000000000000000
1.4555560000000192,2662406,0,7e07ec7fe0000000
1.4558480000000174,34643974,0,ff01ff0000008000
1.4561340000000165,169385990,0,0100000000000000
1.4573640000000374,35168262,0,0000000000000000
1.4576580000000376,1089542,0,0000000000000000
1.4579540000000364,2662406,0,7e17ec7fe0000000
1.4582440000000396,34643974,0,ff02ff0000008000
1.4586780000000168,3710988,0,1e543e9e06a58306
1.459406000000019,135307264,0,00fe0800
1.4596280000000164,135307286,0,00045a00
1.4610560000000383,3710988,0,1e543e7e07a58306
1.461616000000145,35168262,0,0000000000000000
1.461778000000038,135307264,0,00fe0c00
1.4619100000001453,1089542,0,0000000000000000
1.4621060000000377,135307286,0,00046900
1.4622060000001476,2662406,0,7e17ec7fe0000000
1.4624960000001472,34643974,0,ff03ff0000008000
1.4757980000002746,3710988,0,1e553e9e08a58306
1.476538000000275,135307264,0,00fe0000
1.4767560000002753,135307286,0,00047800
1.476970000000275,170434560,0,000000a91cada03e
1.482134000000272,35168262,0,0000000000000000
1.4824280000002723,1089542,0,0000000000000000
1.4827240000002746,2662406,0,7e17ec7fe0000000
1.4830140000002743,34643974,0,ff04ff0000008000
1.4857980000002726,3710988,0,1e543e8e09a58306
1.4865280000002734,135307264,0,00fe0400
1.4867460000002737,135307286,0,00048700
1.4947600000002481,35168262,0,0000000000000000
1.4950540000002484,1089542,0,0000000000000000
1.4953500000002506,2662406,0,7e17ec7fe0000000
1.4956400000002503,34643974,0,ff05ff0000008000
1.49765199999986,135307286,0,0004a500
1.4984720000002483,3710988,0,1e543e7e0aa58306
1.4991980000002485,135307264,0,00fe0800
1.4994200000002493,135307286,0,00049600
1.5047560000002491,35168262,0,0000000000000000
1.5050500000002494,1089542,0,0000000000000000
1.505346000000248,2662406,0,7e17ed7fe0000000
1.5056340000002493,34643974,0,ff06ff0000008000
1.5084720000002498,3710988,0,1e543e9e0ba58306
1.5091880000002504,135307264,0,00fe0c00
1.5096359999999756,3710988,0,1e543e7e0ca58306
1.5103559999999732,135307264,0,00fe0000
1.5105739999999734,135307286,0,0004b400
1.5109840000000219,35168262,0,0000000000000000
1.511278000000022,1089542,0,0000000000000000
1.5115740000000244,2662406,0,7e17ed7fe0000000
1.511862000000022,34643974,0,ff07ff0000008000
1.515921999999975,35168262,0,0000000000000000
1.5162159999999751,1089542,0,0000000000000000
1.5165119999999739,2662406,0,7e17ed7fe0000000
1.516799999999975,34643974,0,ff08ff0000008000
1.5260579999999493,3710988,0,1e543e8e0da58306
1.5267959999999512,135307264,0,00fe0400
1.5270139999999515,135307286,0,0004c300
1.5272259999999491,169385984,0,a220c858024720a9
1.5323719999999525,35168262,0,0000000000000000
1.5326659999999492,1089542,0,0000000000000000
1.5329619999999515,2662406,0,7e17ed7fe0000000
1.5332499999999492,34643974,0,ff09ff0000008000
1.5360559999999523,3710988,0,1e543e9e0ea58306
1.53677599999995,135307264,0,00fe0800
1.5369979999999508,135307286,0,0004d200
1.5445440000000268,35168262,0,0000000000000000
1.544838000000027,1089542,0,0000000000000000
1.5451340000000258,2662406,0,7e27ed7fe0000000
1.545422000000027,34643974,0,ff0aff0000008000
1.5459539999998775,35168262,0,0000000000000000
1.5462479999998777,1089542,0,0000000000000000
1.5465439999998765,2662406,0,7e27ed7fe0000000
1.5468319999998776,34643974,0,ff0bff0000008000
1.5471239999998794,169385990,0,0100000000000000
1.5482800000000267,3710988,0,1e543e7e0fa58306
1.5489940000000288,135307264,0,00fe0c00
1.5493220000000285,135307286,0,0004e100
1.5496799999998778,3710988,0,1e543e8e00a58306
1.550399999999879,135307264,0,00fe0000
1.5506179999998793,135307286,0,0004f000
1.5508359999998795,152575744,0,0000
1.5510159999998763,169386006,0,00000000
1.5624560000000045,35168262,0,0000000000000000
1.5627500000000047,1089542,0,0000000000000000
1.563046000000007,2662406,0,7e37ec7fe0000000
1.5633340000000047,34643974,0,ff0cff0000008000
1.5660860000000056,3710988,0,1e543e8e01a58306
1.5667779999999674,3710988,0,1e543e8e02a58306
1.5667960000000072,135307264,0,00fe0400
1.5670140000000075,135307286,0,00040f00
1.5723500000000072,35168262,0,0000000000000000
1.5726440000000075,1089542,0,0000000000000000
1.5729400000000062,2662406,0,7e37ec7fe0000000
1.5729539999999282,135307264,0,00fe0800
1.573175999999929,135307286,0,00041e00
1.5732280000000074,34643974,0,ff0dff0000008000
1.5733959999999279,170434560,0,000000a91cada03e
1.5737160000000827,1089542,0,0000000000000000
1.5740120000000815,2662406,0,7e17ec7fe0000000
1.5743020000000811,34643974,0,ff0eff0000008000
1.5771700000000841,3710988,0,1e543e8e03a58306
1.5778860000000812,135307264,0,00fe0c00
1.5782060000000833,135307286,0,00042d00
1.5784739999999289,35168262,0,0000000000000000
1.5909519999999517,35168262,0,0000000000000000
1.591245999999952,1089542,0,0000000000000000
1.5915419999999507,2662406,0,7e17ec7fe0000000
1.5918319999999504,34643974,0,ff0fff0000008000
1.5929720000002092,3710988,0,1e543e8e05a58306
1.5936800000002123,135307264,0,00fe0400
1.593898000000209,135307286,0,00044b00
1.5942640000000559,35168262,0,0000000000000000
1.594558000000056,1089542,0,0000000000000000
1.5946859999999496,3710988,0,1e543e8e04a58306
1.5948540000000584,2662406,0,7e07ed7fe0000000
1.595144000000058,34643974,0,ff00ff0000008000
1.5953939999999491,135307264,0,00fe0000
1.5956119999999494,135307286,0,00043c00
1.6224760000002547,35168262,0,0000000000000000
1.622770000000255,1089542,0,0000000000000000
1.6230660000002537,2662406,0,7e07ed7fe0000000
1.6233560000002534,34643974,0,ff01ff0000008000
1.624518000000009,3710988,0,1e543e8e08a58306
1.6252280000000106,135307264,0,00fe0000
1.6254460000000073,135307286,0,00047800
1.6261960000002524,3710988,0,1e543e8e06a58306
1.6269300000002538,135307264,0,00fe0800
1.6271520000002546,135307286,0,00045a00
1.6273660000002543,169385996,0,00
1.6318920000002528,203202560,0,0000012cc0000098
1.6324780000002548,35168262,0,0000000000000000
1.6327640000001686,35168262,0,0000000000000000
1.632772000000255,1089542,0,0000000000000000
1.6330580000001689,1089542,0,0000000000000000
1.6330680000002538,2662406,0,7e17ed7fe0000000
1.6333540000001712,2662406,0,7e27ed7fe0000000
1.633356000000255,34643974,0,ff02ff0000008000
1.6336420000001688,34643974,0,ff04ff0000008000
1.636196000000254,3710988,0,1e543e8e07a58306
1.636902000000255,135307264,0,00fe0c00
1.6371500000002541,169385984,0,a220c858024720a9
1.6374240000002551,135307286,0,00046900
1.6425200000002533,35168262,0,0000000000000000
1.6428140000002536,1089542,0,0000000000000000
1.6431100000002559,2662406,0,7e17ed7fe0000000
1.6433980000002535,34643974,0,ff03ff0000008000
1.6459740000000949,3710988,0,1e543e8e09a58306
1.6466820000000943,135307264,0,00fe0400
1.6469000000000946,135307286,0,00048700
1.6522360000000944,35168262,0,0000000000000000
1.6525300000000946,1089542,0,0000000000000000
1.6528260000000934,2662406,0,7e27ed7fe0000000
1.6531140000000946,34643974,0,ff05ff0000008000
1.6534020000000957,169385990,0,0100000000000000
1.6559740000000929,3710988,0,1e543e8e0aa58306
1.6566840000000944,135307264,0,00fe0800
1.6569060000000952,135307286,0,00049600
1.657118000000093,169386006,0,00000000
1.6629560000002712,35168262,0,0000000000000000
1.663250000000268,1089542,0,0000000000000000
1.6635460000002702,2662406,0,7e17ec7fe0000000
1.6638360000002699,34643974,0,ff06ff0000008000
1.666676000000269,3710988,0,1e543e8e0ba58306
1.6669300000002814,3710988,0,1e553e9e0ca58306
1.66742000000027,135307264,0,00fe0c00
1.6676660000002812,135307264,0,00fe0000
1.6677020000002685,204251136,0,0000080000000000
1.6679940000002702,135307286,0,0004a500
1.6706400000002901,135307286,0,0004b400
1.6708540000002898,170434560,0,000000a91cada03e
1.6719159999999889,1089542,0,0000000000000000
1.6722119999999876,2662406,0,7e07ec7fe0000000
1.6725039999999893,34643974,0,ff08ff0000008000
1.6729880000002701,35168262,0,0000000000000000
1.6732820000002704,1089542,0,0000000000000000
1.6735780000002691,2662406,0,7e17ec7fe0000000
1.6738680000002688,34643974,0,ff07ff0000008000
1.67530399999999,3710988,0,1e543e7e0da58306
1.6760040000002903,35168262,0,0000000000000000
1.67601599999999,135307264,0,00fe0400
1.6762339999999902,135307286,0,0004c300
1.684769999999851,35168262,0,0000000000000000
1.6850639999998513,1089542,0,0000000000000000
1.68535999999985,2662406,0,7e07ec7fe0000000
1.6856519999998483,34643974,0,ff09ff0000008000
1.686761999999856,3710988,0,1e553e9e0ea58306
1.687499999999858,135307264,0,00fe0800
1.6877219999998552,135307286,0,0004d200
1.6899480000001184,135307264,0,00fe0c00
1.6900220000002193,135307286,0,0004e100
1.6915880000000172,3710988,0,1e543e7e0fa58306
1.6933159999999639,35168262,0,0000000000000000
1.693609999999964,1089542,0,0000000000000000
1.6939059999999664,2662406,0,7e17ed7fe0000000
1.694193999999964,34643974,0,ff0aff0000008000
1.713487999999895,35168262,0,0000000000000000
1.7137819999998953,1089542,0,0000000000000000
1.7140779999998976,2662406,0,7e17ed7fe0000000
1.7143659999998953,34643974,0,ff0bff0000008000
1.7169880000000077,3710988,0,1e543e8e01a58306
1.7171959999998947,3710988,0,1e543e8e00a58306
1.717917999999898,135307264,0,00fe0000
1.7181359999998946,135307286,0,0004f000
1.7233399999999186,135307264,0,00fe0400
1.7234519999998952,35168262,0,0000000000000000
1.7235579999999189,135307286,0,00040f00
1.7237459999998954,1089542,0,0000000000000000
1.7237739999999206,169385984,0,a220c858024720a9
1.7240419999998977,2662406,0,7e17ed7fe0000000
1.724316000000023,1089542,0,0000000000000000
1.7243299999998953,34643974,0,ff0cff0000008000
1.7246120000000218,2662406,0,7e17ed7fe0000000
1.724900000000023,34643974,0,ff0dff0000008000
1.7277060000000226,3710988,0,1e543e8e02a58306
1.7284280000000223,135307264,0,00fe0800
1.7286500000000231,135307286,0,00041e00
1.7289379999999213,35168262,0,0000000000000000
1.7334160000002399,1089542,0,0000000000000000
1.7337120000002386,2662406,0,7e07ec7fe0000000
1.7340040000002404,34643974,0,ff0eff0000008000
1.7352780000001324,35168262,0,0000000000000000
1.7368200000002396,3710988,0,1e543e8e03a58306
1.7375360000002402,135307264,0,00fe0c00
1.7378420000002386,135307286,0,00042d00
1.7425139999998933,35168262,0,0000000000000000
1.7428079999998936,1089542,0,0000000000000000
1.7431039999998923,2662406,0,7e07ec7fe0000000
1.743395999999894,34643974,0,ff0fff0000008000
1.7436819999998932,169385990,0,0100000000000000
1.757840000000229,135307286,0,00044b00
1.758240000000022,3710988,0,1e543e8e04a58306
1.7589660000000222,135307264,0,00fe0000
1.7591840000000225,135307286,0,00043c00
1.7593980000000222,169386006,0,00000000
1.7631660000002292,35168262,0,0000000000000000
1.7634600000002294,1089542,0,0000000000000000
1.7637560000002281,2662406,0,7e07ec7fe0000000
1.7640480000002299,34643974,0,ff01ff0000008000
1.764526000000025,35168262,0,0000000000000000
1.7648200000000251,1089542,0,0000000000000000
1.7651160000000239,2662406,0,7e07ec7fe0000000
1.765408000000022,34643974,0,ff00ff0000008000
1.768238000000025,3710988,0,1e543e8e05a58306
1.7689540000000221,135307264,0,00fe0400
1.7760799999999506,3710988,0,1e543e8e06a58306
1.7768179999999525,135307264,0,00fe0800
1.7770399999999498,135307286,0,00045a00
1.7772539999999495,170434560,0,000000a91cada03e
1.7823239999999494,35168262,0,0000000000000000
1.7826179999999496,1089542,0,0000000000000000
1.782913999999952,2662406,0,7e17ec7fe0000000
1.7832039999999516,34643974,0,ff02ff0000008000
1.7860799999999522,3710988,0,1e543e8e07a58306
1.786777999999952,135307264,0,00fe0c00
1.787095999999952,135307286,0,00046900
1.7960540000000798,35168262,0,0000000000000000
1.79634800000008,1089542,0,0000000000000000
1.7966440000000787,2662406,0,7e17ec7fe0000000
1.796934000000082,34643974,0,ff03ff0000008000
1.7985700000002431,203988992,0,232528012019
1.799806000000082,3710988,0,1e543e8e08a58306
1.8004960000000807,135307264,0,00fe0000
1.800714000000081,135307286,0,00047800
1.8060560000000798,35168262,0,0000000000000000
1.80635000000008,1089542,0,0000000000000000
1.8066460000000788,2662406,0,7e27ec7fe0000000
1.806936000000082,34643974,0,ff04ff0000008000
1.8098040000000815,3710988,0,1e543e8e09a58306
1.8098979999998548,3710988,0,1e543e8e0aa58306
1.8099960000001545,35168262,0,0000000000000000
1.8102900000001547,1089542,0,0000000000000000
1.8104960000000787,135307264,0,00fe0400
1.8105860000001535,2662406,0,7e27ec7fe0000000
1.8105899999998556,135307264,0,00fe0800
1.810714000000079,135307286,0,00048700
1.8108119999998529,135307286,0,00049600
1.8108760000001567,34643974,0,ff05ff0000008000
1.8109260000000802,152575744,0,0000
1.8161819999998556,35168262,0,0000000000000000
1.8164759999998523,1089542,0,0000000000000000
1.8167719999998546,2662406,0,7e27ec7fe0000000
1.8170619999998543,34643974,0,ff06ff0000008000
1.8271580000000824,3710988,0,1e543e8e0ba58306
1.8278460000000827,135307264,0,00fe0c00
1.8280940000000854,169385984,0,a220c858024720a9
1.8283680000000828,135307286,0,0004a500
1.8334460000000838,35168262,0,0000000000000000
1.833740000000084,1089542,0,0000000000000000
1.8340360000000828,2662406,0,7e27ec7fe0000000
1.8343260000000825,34643974,0,ff07ff0000008000
1.8371560000000855,3710988,0,1e543e8e0ca58306
1.8378520000000833,135307264,0,00fe0000
1.8380700000000836,135307286,0,0004b400
1.8388620000000486,35168262,0,0000000000000000
1.8391560000000489,1089542,0,0000000000000000
1.8424180000